Squid,
Camel,
Bluetick_Coonhound,
Proboscis_Monkey,
Stoat,
Patas_Monkey,
Cross_River_Gorilla,
Arctic_Fox,
Mandrill,
Uguisu,
Doberman_Pinscher,
Australian_Cattle_Dog,
Okapi,
Japanese_Chin,
Manatee,
Scorpion,
Bloodhound,
Border_Terrier,
Arctic_Hare,
Tiger_Salamander,
Giraffe,
Wolf,
Indri,
Sea_Dragon,
Coral,
Toucan,
Baboon,
Sea_Lion,
Pike,
Cichlid,
Pygmy_Hippopotamus,
Stag_Beetle,
Somali,
Cat,
King_Penguin,
English_Cocker_Spaniel,
Banded_Palm_Civet,
Chinook,
Leopard_Cat,
Tortoise,
Anatolian_Shepherd_Dog,
Airedale_Terrier,
American_Water_Spaniel,
Galapagos_Tortoise,
French_Bulldog,
Goose,
Estrela_Mountain_Dog,
Gharial,
Aardvark,
Grouse
Norfolk_Terrier,
Mountain_Gorilla,
Spadefoot_Toad,
Spider_Monkey,
Snowy_Owl,
Human,
Cat,
Hammerhead_Shark,
Donkey,
Newt,
Akbash,
Welsh_Corgi,
Magpie,
Avocet,
Eastern_Lowland_Gorilla,
Chinook,
Hercules_Beetle,
Echidna,
Appenzeller_Dog,
Border_Terrier,
Squirrel_Monkey,
Rock_Hyrax,
Gecko,
Okapi,
Butterfly_Fish,
Spectacled_Bear,
Leopard_Tortoise,
Masked_Palm_Civet,
American_Eskimo_Dog,
West_Highland_Terrier,
Goose,
Opossum,
Mountain_Lion,
Chinchilla,
Siamese_Fighting_Fish,
Clumber_Spaniel,
Binturong,
Woodpecker,
Common_Toad,
Puma,
Turkish_Angora,
Wrasse,
Coati,
Field_Spaniel,
English_Shepherd,
Wallaby,
Quoll,
Gar,
Moorhen,
Whippet