fire,
burn,
start,
slap,
interrupt,
bat,
present,
cause,
allow,
sniff,
like,
dislike,
peck,
notice,
meddle,
frighten,
reflect,
divide,
dry,
dare,
appear,
twist,
bang,
mix,
list,
settle,
tempt,
blot,
rain,
suspend,
sprout,
sign,
pull,
suppose,
stain,
drum,
kill,
check,
reply,
heap,
crash,
snatch,
contain,
camp,
listen,
look,
place,
push,
flood,
add,
bruise,
terrify,
repeat,
hug,
post,
rescue,
continue,
force,
plan,
wink,
live,
grease,
joke,
roll,
dance,
detect,
wail,
taste,
smoke,
rely,
heal,
rock,
sin,
owe,
destroy,
boil,
kneel,
analyse,
chop,
choke,
trot,
balance,
prepare,
glow,
tame,
shade,
communicate,
jam,
admit,
tour,
please,
memorise,
improve,
scrape,
drown,
moor,
slip,
phone,
hop,
guide,
shelter,
wish,
kiss,
attract,
crawl,
protect,
possess,
yawn,
excuse,
try,
yell,
x-ray,
remind,
scream,
own,
concern,
found,
offend,
shiver,
subtract,
explode,
rush,
wonder,
clip,
program,
challenge,
transport,
tap,
note,
buzz,
launch,
remember,
chew,
risk,
ask,
hover,
book,
manage,
multiply,
reproduce,
tickle,
bow,
drip,
coil,
shave,
order,
extend,
long,
walk,
slow,
press,
pump,
describe,
brush,
judge,
dress,
jog,
flash,
deliver,
reject,
tie,
promise,
bubble,
part,
bomb,
argue,
annoy,
disapprove,
attach,
chase,
exercise,
cure,
injure,
fear,
warm,
land,
lick,
blush,
provide,
hang,
rob,
compare,
talk,
wait,
educate,
behave,
return,
deserve,
sack,
stamp,
suck,
record,
realise,
gather,
doubt,
scorch,
interest,
branch,
inject,
separate,
wipe,
stitch,
overflow,
zoom,
snow,
trick,
stir,
attack,
happen,
clap,
untidy,
time,
use,
reduce,
develop,
tire,
guess,
warn,
prevent,
enjoy,
support,
need,
work,
rejoice,
obtain,
stretch,
alert,
mend,
smile,
touch,
consist,
empty,
mug,
attend,
hate,
expand,
double,
change,
spare,
brake,
excite,
lie,
spill,
knit,
request,
hand,
skip,
flow,
fence,
guarantee,
file,
worry,
tug,
surprise,
radiate,
command,
approve,
afford,
decorate,
wrestle,
desert,
save,
cover,
grate,
store,
love,
hammer,
murder,
ruin,
whirl,
influence,
beam,
paste,
agree,
pour,
invent,
apologise,
nod,
arrive,
blind,
fool,
trace,
applaud,
impress,
preserve,
explain,
grab,
count,
fry,
trade,
watch,
beg,
whip,
unite,
ignore,
complete,
decay,
pat,
turn,
trust,
scratch,
release,
whine,
tick,
open,
belong,
supply,
inform,
move,
advise,
comb,
saw,
trip,
wander,
seal,
rub,
wreck,
paddle,
rinse,
scribble,
bump,
spot,
connect,
melt,
signal,
weigh,
complain,
enter,
itch,
ban,
grip,
learn,
reign,
expect,
drag,
curve,
rule,
recognise,
greet,
bore,
call,
confess,
stare,
moan,
scatter,
compete,
imagine,
relax,
soak,
hum,
search,
delight,
trouble,
discover,
smash,
strip,
share,
screw,
unfasten,
raise,
test,
fill,
carve,
back,
matter,
boast,
preach,
mate,
pine,
irritate,
film,
prefer,
colour,
bless,
whisper,
interfere,
ski,
bake,
spray,
follow,
hurry,
head,
delay,
guard,
bounce,
pack,
shop,
accept,
serve,
disagree,
help,
sigh,
occur,
close,
pray,
haunt,
fancy,
pinch,
type,
curl,
shrug,
polish,
refuse,
unpack,
drop,
breathe,
spark,
bathe,
concentrate,
claim,
handle,
paint,
telephone,
regret,
instruct,
hope,
suit,
perform,
snore,
satisfy,
disappear,
welcome,
visit,
produce,
box,
race,
trap,
form,
license,
heat,
dam,
laugh,
water,
correct,
introduce,
dream,
carry,
spell,
vanish,
fit,
strengthen,
unlock,
nest,
join,
replace,
confuse,
end,
poke,
entertain,
stuff,
tease,
train,
suspect,
repair,
cycle,
sparkle,
float,
scold,
scare,
blink,
name,
calculate,
wriggle,
wobble,
arrange,
queue,
care,
suggest,
point,
gaze,
mine,
muddle,
identify,
announce,
march,
bury,
copy,
obey,
last,
practise,
smell,
spoil,
squeal,
squeak,
lock,
succeed,
object,
glue,
coach,
answer,
print,
pause,
invite,
bolt,
admire,
kick,
harass,
observe,
pop,
cheat